path	language	surface	owner	scheduler_class	start_site	stop_or_cancel_site	backpressure_or_capacity	ordering_or_fairness	timeout_or_deadline	blocking_policy	test_evidence	csd_rows
packages/agent/src/app/bootstrap/mod.rs	Rust	mod_spawn	app_bootstrap	tracked_background_task	owner starts tokio task during bootstrap, runtime service start, or request scope	ShutdownCoordinator owns abort/drain path	no producer queue; concurrency is bounded by owner task/request lifetime	owner boundary serializes mutation or view identity scopes concurrent work	deadline, retry delay, heartbeat, debounce, or batch cadence is explicit in source	no blocking work on scheduler path or work is asynchronous I/O	CSD static inventory guard plus existing focused owner tests for this module	CSD-1,CSD-2,CSD-3,CSD-4,CSD-5,CSD-6,CSD-7,CSD-8,CSD-9
packages/agent/src/app/bootstrap/server.rs	Rust	server_spawn_sleep	app_bootstrap	timer_loop	owner starts tokio task during bootstrap, runtime service start, or request scope	ShutdownCoordinator owns abort/drain path	no producer queue; concurrency is bounded by owner task/request lifetime	loop sleeps/yields between attempts and observes cancellation before next cadence	deadline, retry delay, heartbeat, debounce, or batch cadence is explicit in source	no blocking work on scheduler path or work is asynchronous I/O	CSD static inventory guard plus existing focused owner tests for this module	CSD-1,CSD-2,CSD-3,CSD-4,CSD-5,CSD-6,CSD-7,CSD-8,CSD-9
packages/agent/src/app/lifecycle/onboarding/mod.rs	Rust	mod_sleep	app_lifecycle	timer_loop	owner method enters scheduling surface synchronously	visible cancel path via deinit, stop, reset, disconnect, cleanup, cancel, or view disappearance	no producer queue; concurrency is bounded by owner task/request lifetime	loop sleeps/yields between attempts and observes cancellation before next cadence	deadline, retry delay, heartbeat, debounce, or batch cadence is explicit in source	no blocking work on scheduler path or work is asynchronous I/O	CSD static inventory guard plus existing focused owner tests for this module	CSD-1,CSD-2,CSD-3,CSD-4,CSD-5,CSD-6,CSD-7,CSD-8,CSD-9
packages/agent/src/app/lifecycle/shutdown.rs	Rust	shutdown_spawn_cancel_sleep_task	app_lifecycle	timer_loop	owner starts tokio task during bootstrap, runtime service start, or request scope	CancellationToken cancellation or parent shutdown breaks loop	no producer queue; concurrency is bounded by owner task/request lifetime	loop sleeps/yields between attempts and observes cancellation before next cadence	deadline, retry delay, heartbeat, debounce, or batch cadence is explicit in source	no blocking work on scheduler path or work is asynchronous I/O	app::lifecycle::shutdown tests plus CSD spawn ownership guard	CSD-1,CSD-2,CSD-3,CSD-4,CSD-5,CSD-6,CSD-7,CSD-8,CSD-9
packages/agent/src/domains/agent/loop/capability_invocation_executor/mod.rs	Rust	mod_cancel	agent_loop	scoped_request_task	owner method enters scheduling surface synchronously	CancellationToken cancellation or parent shutdown breaks loop	no producer queue; concurrency is bounded by owner task/request lifetime	owner boundary serializes mutation or view identity scopes concurrent work	no independent timer; caller/request/shutdown lifetime is the deadline	no blocking work on scheduler path or work is asynchronous I/O	CSD static inventory guard plus existing focused owner tests for this module	CSD-1,CSD-2,CSD-3,CSD-4,CSD-5,CSD-6,CSD-7,CSD-8,CSD-9
packages/agent/src/domains/agent/loop/capability_invocation_executor/grant.rs	Rust	grant_scoped	agent_loop	scoped_request_task	owner method enters scheduling surface synchronously	visible cancel path via caller/request lifetime	no producer queue; concurrency is bounded by owner task/request lifetime	owner boundary serializes mutation or view identity scopes concurrent work	no independent timer; caller/request/shutdown lifetime is the deadline	no blocking work on scheduler path or work is asynchronous I/O	capability invocation executor tests plus SACB-6 static grant guard	CSD-1,CSD-2,CSD-3,CSD-4,CSD-5,CSD-6,CSD-7,CSD-8,CSD-9
packages/agent/src/domains/agent/loop/compaction_handler/mod.rs	Rust	mod	agent_loop	scoped_request_task	owner method enters scheduling surface synchronously	visible cancel path via deinit, stop, reset, disconnect, cleanup, cancel, or view disappearance	no producer queue; concurrency is bounded by owner task/request lifetime	owner boundary serializes mutation or view identity scopes concurrent work	deadline, retry delay, heartbeat, debounce, or batch cadence is explicit in source	no blocking work on scheduler path or work is asynchronous I/O	CSD static inventory guard plus existing focused owner tests for this module	CSD-1,CSD-2,CSD-3,CSD-4,CSD-5,CSD-6,CSD-7,CSD-8,CSD-9
packages/agent/src/domains/agent/loop/event_emitter.rs	Rust	event_emitter_channel	agent_loop	bounded_queue	bounded channel constructed by owner before producer handoff	owner lifetime bounds the scheduling surface; no detached orphan path	bounded Tokio channel capacity or broadcast lag policy is explicit in source	owner boundary serializes mutation or view identity scopes concurrent work	no independent timer; caller/request/shutdown lifetime is the deadline	no blocking work on scheduler path or work is asynchronous I/O	CSD static inventory guard plus existing focused owner tests for this module	CSD-1,CSD-2,CSD-3,CSD-4,CSD-5,CSD-6,CSD-7,CSD-8,CSD-9
packages/agent/src/domains/agent/loop/orchestrator/agent_runner.rs	Rust	agent_runner_spawn_channel_cancel_sleep	agent_orchestrator	timer_loop	owner starts tokio task during bootstrap, runtime service start, or request scope	CancellationToken cancellation or parent shutdown breaks loop	no producer queue; concurrency is bounded by owner task/request lifetime	loop sleeps/yields between attempts and observes cancellation before next cadence	deadline, retry delay, heartbeat, debounce, or batch cadence is explicit in source	no blocking work on scheduler path or work is asynchronous I/O	CSD static inventory guard plus existing focused owner tests for this module	CSD-1,CSD-2,CSD-3,CSD-4,CSD-5,CSD-6,CSD-7,CSD-8,CSD-9
packages/agent/src/domains/agent/loop/orchestrator/capability_invocation_tracker.rs	Rust	capability_invocation_tracker_channel	agent_orchestrator	scoped_request_task	owner method enters scheduling surface synchronously	visible cancel path via deinit, stop, reset, disconnect, cleanup, cancel, or view disappearance	no producer queue; concurrency is bounded by owner task/request lifetime	owner boundary serializes mutation or view identity scopes concurrent work	no independent timer; caller/request/shutdown lifetime is the deadline	no blocking work on scheduler path or work is asynchronous I/O	CSD static inventory guard plus existing focused owner tests for this module	CSD-1,CSD-2,CSD-3,CSD-4,CSD-5,CSD-6,CSD-7,CSD-8,CSD-9
packages/agent/src/domains/agent/loop/orchestrator/core/mod.rs	Rust	mod_cancel	agent_orchestrator	actor_serialization	owner method enters scheduling surface synchronously	CancellationToken cancellation or parent shutdown breaks loop	no producer queue; concurrency is bounded by owner task/request lifetime	actor or semaphore serializes state transitions FIFO by owner policy	no independent timer; caller/request/shutdown lifetime is the deadline	no blocking work on scheduler path or work is asynchronous I/O	CSD static inventory guard plus existing focused owner tests for this module	CSD-1,CSD-2,CSD-3,CSD-4,CSD-5,CSD-6,CSD-7,CSD-8,CSD-9
packages/agent/src/domains/agent/loop/orchestrator/event_persister.rs	Rust	event_persister_spawn_channel_sleep	agent_orchestrator	bounded_queue	bounded channel constructed by owner before producer handoff	bounded worker join handle is aborted or awaited by EventPersister shutdown and flush paths	bounded Tokio channel capacity or broadcast lag policy is explicit in source	single worker receives bounded MPSC items in send order	deadline, retry delay, heartbeat, debounce, or batch cadence is explicit in source	no blocking work on scheduler path or work is asynchronous I/O	event_persister tests plus CSD bounded queue guard	CSD-1,CSD-2,CSD-3,CSD-4,CSD-5,CSD-6,CSD-7,CSD-8,CSD-9
packages/agent/src/domains/agent/loop/orchestrator/invocation_abort_registry.rs	Rust	invocation_abort_registry_cancel	agent_orchestrator	scoped_request_task	owner method enters scheduling surface synchronously	CancellationToken cancellation or parent shutdown breaks loop	no producer queue; concurrency is bounded by owner task/request lifetime	owner boundary serializes mutation or view identity scopes concurrent work	no independent timer; caller/request/shutdown lifetime is the deadline	no blocking work on scheduler path or work is asynchronous I/O	CSD static inventory guard plus existing focused owner tests for this module	CSD-1,CSD-2,CSD-3,CSD-4,CSD-5,CSD-6,CSD-7,CSD-8,CSD-9
packages/agent/src/domains/agent/loop/orchestrator/mod.rs	Rust	mod_channel_cancel	agent_orchestrator	scoped_request_task	owner method enters scheduling surface synchronously	CancellationToken cancellation or parent shutdown breaks loop	no producer queue; concurrency is bounded by owner task/request lifetime	owner boundary serializes mutation or view identity scopes concurrent work	no independent timer; caller/request/shutdown lifetime is the deadline	no blocking work on scheduler path or work is asynchronous I/O	CSD static inventory guard plus existing focused owner tests for this module	CSD-1,CSD-2,CSD-3,CSD-4,CSD-5,CSD-6,CSD-7,CSD-8,CSD-9
packages/agent/src/domains/agent/loop/profile_runtime.rs	Rust	profile_runtime_spawn_cancel_sleep	agent_loop	timer_loop	owner starts tokio task during bootstrap, runtime service start, or request scope	CancellationToken cancellation or parent shutdown breaks loop	no producer queue; concurrency is bounded by owner task/request lifetime	loop sleeps/yields between attempts and observes cancellation before next cadence	deadline, retry delay, heartbeat, debounce, or batch cadence is explicit in source	no blocking work on scheduler path or work is asynchronous I/O	CSD static inventory guard plus existing focused owner tests for this module	CSD-1,CSD-2,CSD-3,CSD-4,CSD-5,CSD-6,CSD-7,CSD-8,CSD-9
packages/agent/src/domains/agent/loop/stream_processor/mod.rs	Rust	mod_cancel	agent_loop	scoped_request_task	owner method enters scheduling surface synchronously	CancellationToken cancellation or parent shutdown breaks loop	no producer queue; concurrency is bounded by owner task/request lifetime	owner boundary serializes mutation or view identity scopes concurrent work	no independent timer; caller/request/shutdown lifetime is the deadline	no blocking work on scheduler path or work is asynchronous I/O	CSD static inventory guard plus existing focused owner tests for this module	CSD-1,CSD-2,CSD-3,CSD-4,CSD-5,CSD-6,CSD-7,CSD-8,CSD-9
packages/agent/src/domains/agent/loop/tron_agent/mod.rs	Rust	mod_cancel	agent_loop	scoped_request_task	owner method enters scheduling surface synchronously	CancellationToken cancellation or parent shutdown breaks loop	no producer queue; concurrency is bounded by owner task/request lifetime	owner boundary serializes mutation or view identity scopes concurrent work	no independent timer; caller/request/shutdown lifetime is the deadline	no blocking work on scheduler path or work is asynchronous I/O	CSD static inventory guard plus existing focused owner tests for this module	CSD-1,CSD-2,CSD-3,CSD-4,CSD-5,CSD-6,CSD-7,CSD-8,CSD-9
packages/agent/src/domains/agent/loop/turn_runner/capability_invocations/mod.rs	Rust	mod_cancel	agent_loop	scoped_request_task	owner method enters scheduling surface synchronously	CancellationToken cancellation or parent shutdown breaks loop	no producer queue; concurrency is bounded by owner task/request lifetime	owner boundary serializes mutation or view identity scopes concurrent work	no independent timer; caller/request/shutdown lifetime is the deadline	no blocking work on scheduler path or work is asynchronous I/O	CSD static inventory guard plus existing focused owner tests for this module	CSD-1,CSD-2,CSD-3,CSD-4,CSD-5,CSD-6,CSD-7,CSD-8,CSD-9
packages/agent/src/domains/agent/loop/turn_runner/mod.rs	Rust	mod_channel_cancel	agent_loop	scoped_request_task	owner method enters scheduling surface synchronously	CancellationToken cancellation or parent shutdown breaks loop	no producer queue; concurrency is bounded by owner task/request lifetime	owner boundary serializes mutation or view identity scopes concurrent work	no independent timer; caller/request/shutdown lifetime is the deadline	no blocking work on scheduler path or work is asynchronous I/O	CSD static inventory guard plus existing focused owner tests for this module	CSD-1,CSD-2,CSD-3,CSD-4,CSD-5,CSD-6,CSD-7,CSD-8,CSD-9
packages/agent/src/domains/agent/prompt/prompt.rs	Rust	prompt	agent_prompt	scoped_request_task	owner method enters scheduling surface synchronously	request future is awaited by caller and dropped on request cancellation	no producer queue; concurrency is bounded by owner task/request lifetime	owner boundary serializes mutation or view identity scopes concurrent work	deadline, retry delay, heartbeat, debounce, or batch cadence is explicit in source	no blocking work on scheduler path or work is asynchronous I/O	CSD static inventory guard plus existing focused owner tests for this module	CSD-1,CSD-2,CSD-3,CSD-4,CSD-5,CSD-6,CSD-7,CSD-8,CSD-9
packages/agent/src/domains/agent/prompt/service.rs	Rust	service_cancel	agent_prompt	scoped_request_task	owner method enters scheduling surface synchronously	CancellationToken cancellation or parent shutdown breaks loop	no producer queue; concurrency is bounded by owner task/request lifetime	owner boundary serializes mutation or view identity scopes concurrent work	no independent timer; caller/request/shutdown lifetime is the deadline	no blocking work on scheduler path or work is asynchronous I/O	CSD static inventory guard plus existing focused owner tests for this module	CSD-1,CSD-2,CSD-3,CSD-4,CSD-5,CSD-6,CSD-7,CSD-8,CSD-9
packages/agent/src/domains/agent/runtime/cleanup.rs	Rust	cleanup_spawn_cancel	agent_runtime	tracked_background_task	owner starts tokio task during bootstrap, runtime service start, or request scope	CancellationToken cancellation or parent shutdown breaks loop	no producer queue; concurrency is bounded by owner task/request lifetime	owner boundary serializes mutation or view identity scopes concurrent work	no independent timer; caller/request/shutdown lifetime is the deadline	no blocking work on scheduler path or work is asynchronous I/O	CSD static inventory guard plus existing focused owner tests for this module	CSD-1,CSD-2,CSD-3,CSD-4,CSD-5,CSD-6,CSD-7,CSD-8,CSD-9
packages/agent/src/domains/agent/runtime/runtime/session_update.rs	Rust	session_update_sleep	agent_runtime	timer_loop	owner method enters scheduling surface synchronously	owner lifetime bounds the scheduling surface; no detached orphan path	no producer queue; concurrency is bounded by owner task/request lifetime	loop sleeps/yields between attempts and observes cancellation before next cadence	deadline, retry delay, heartbeat, debounce, or batch cadence is explicit in source	no blocking work on scheduler path or work is asynchronous I/O	CSD static inventory guard plus existing focused owner tests for this module	CSD-1,CSD-2,CSD-3,CSD-4,CSD-5,CSD-6,CSD-7,CSD-8,CSD-9
packages/agent/src/domains/agent/runtime/service/plan.rs	Rust	plan_cancel	agent_runtime	scoped_request_task	owner method enters scheduling surface synchronously	CancellationToken cancellation or parent shutdown breaks loop	no producer queue; concurrency is bounded by owner task/request lifetime	owner boundary serializes mutation or view identity scopes concurrent work	no independent timer; caller/request/shutdown lifetime is the deadline	no blocking work on scheduler path or work is asynchronous I/O	CSD static inventory guard plus existing focused owner tests for this module	CSD-1,CSD-2,CSD-3,CSD-4,CSD-5,CSD-6,CSD-7,CSD-8,CSD-9
packages/agent/src/domains/agent/runtime/service/spawn.rs	Rust	spawn_spawn	agent_runtime	tracked_background_task	owner starts tokio task during bootstrap, runtime service start, or request scope	ShutdownCoordinator owns abort/drain path	no producer queue; concurrency is bounded by owner task/request lifetime	owner boundary serializes mutation or view identity scopes concurrent work	no independent timer; caller/request/shutdown lifetime is the deadline	no blocking work on scheduler path or work is asynchronous I/O	CSD static inventory guard plus existing focused owner tests for this module	CSD-1,CSD-2,CSD-3,CSD-4,CSD-5,CSD-6,CSD-7,CSD-8,CSD-9
packages/agent/src/domains/capability/operations/process.rs	Rust	process	capability_domain	blocking_supervisor	owner method enters scheduling surface synchronously	visible cancel path via deinit, stop, reset, disconnect, cleanup, cancel, or view disappearance	no producer queue; concurrency is bounded by owner task/request lifetime	owner boundary serializes mutation or view identity scopes concurrent work	deadline, retry delay, heartbeat, debounce, or batch cadence is explicit in source	blocking or CPU work is isolated behind BlockingTaskSupervisor, process helper, actor worker, or owner queue	CSD static inventory guard plus existing focused owner tests for this module	CSD-1,CSD-2,CSD-3,CSD-4,CSD-5,CSD-6,CSD-7,CSD-8,CSD-9
packages/agent/src/domains/model/providers/shared/retry.rs	Rust	retry_cancel_sleep	model_domain	timer_loop	owner method enters scheduling surface synchronously	CancellationToken cancellation or parent shutdown breaks loop	no producer queue; concurrency is bounded by owner task/request lifetime	loop sleeps/yields between attempts and observes cancellation before next cadence	deadline, retry delay, heartbeat, debounce, or batch cadence is explicit in source	no blocking work on scheduler path or work is asynchronous I/O	provider retry tests plus CSD cancellation during backoff guard	CSD-1,CSD-2,CSD-3,CSD-4,CSD-5,CSD-6,CSD-7,CSD-8,CSD-9
packages/agent/src/domains/model/responder/mod.rs	Rust	mod_cancel	model_domain	scoped_request_task	owner method enters scheduling surface synchronously	CancellationToken cancellation or parent shutdown breaks loop	no producer queue; concurrency is bounded by owner task/request lifetime	owner boundary serializes mutation or view identity scopes concurrent work	no independent timer; caller/request/shutdown lifetime is the deadline	no blocking work on scheduler path or work is asynchronous I/O	CSD static inventory guard plus existing focused owner tests for this module	CSD-1,CSD-2,CSD-3,CSD-4,CSD-5,CSD-6,CSD-7,CSD-8,CSD-9
packages/agent/src/domains/session/event_store/sqlite/contention.rs	Rust	contention_sleep	session_event_store	timer_loop	owner method enters scheduling surface synchronously	visible cancel path via deinit, stop, reset, disconnect, cleanup, cancel, or view disappearance	no producer queue; concurrency is bounded by owner task/request lifetime	loop sleeps/yields between attempts and observes cancellation before next cadence	deadline, retry delay, heartbeat, debounce, or batch cadence is explicit in source	no blocking work on scheduler path or work is asynchronous I/O	CSD static inventory guard plus existing focused owner tests for this module	CSD-1,CSD-2,CSD-3,CSD-4,CSD-5,CSD-6,CSD-7,CSD-8,CSD-9
packages/agent/src/domains/session/event_store/sqlite/repositories/workspace.rs	Rust	workspace_sleep	session_event_store	timer_loop	owner method enters scheduling surface synchronously	owner lifetime bounds the scheduling surface; no detached orphan path	no producer queue; concurrency is bounded by owner task/request lifetime	loop sleeps/yields between attempts and observes cancellation before next cadence	deadline, retry delay, heartbeat, debounce, or batch cadence is explicit in source	no blocking work on scheduler path or work is asynchronous I/O	CSD static inventory guard plus existing focused owner tests for this module	CSD-1,CSD-2,CSD-3,CSD-4,CSD-5,CSD-6,CSD-7,CSD-8,CSD-9
packages/agent/src/domains/worker_lifecycle/launcher.rs	Rust	worker_lifecycle_launcher_timeout_sleep	worker_lifecycle	timer_loop	owner method enters scheduling surface synchronously	request future is awaited by caller and bounded by manifest conformance timeout	no producer queue; concurrency is bounded by owner task/request lifetime	conformance polling cadence is fixed and exits when expected worker catalog state is observed	manifest conformance timeout is the deadline and polling sleep cadence is explicit in source	local worker process launch is isolated behind tokio process boundary; no blocking wait on scheduler path	worker_lifecycle focused tests plus CSD static timer-loop guard and IOSAC cockpit lifecycle invariants	CSD-1,CSD-2,CSD-4,CSD-5,CSD-7,CSD-9
packages/agent/src/platform/device_broker.rs	Rust	device_broker_spawn_channel_cancel_sleep	platform_device_broker	actor_serialization	owner starts tokio task during bootstrap, runtime service start, or request scope	CancellationToken cancellation or parent shutdown breaks loop	no producer queue; concurrency is bounded by owner task/request lifetime	actor or semaphore serializes state transitions FIFO by owner policy	deadline, retry delay, heartbeat, debounce, or batch cadence is explicit in source	no blocking work on scheduler path or work is asynchronous I/O	CSD static inventory guard plus existing focused owner tests for this module	CSD-1,CSD-2,CSD-3,CSD-4,CSD-5,CSD-6,CSD-7,CSD-8,CSD-9
packages/agent/src/shared/observability/mod.rs	Rust	mod_spawn	shared_observability	tracked_background_task	owner starts tokio task during bootstrap, runtime service start, or request scope	visible cancel path via deinit, stop, reset, disconnect, cleanup, cancel, or view disappearance	no producer queue; concurrency is bounded by owner task/request lifetime	owner boundary serializes mutation or view identity scopes concurrent work	no independent timer; caller/request/shutdown lifetime is the deadline	no blocking work on scheduler path or work is asynchronous I/O	CSD static inventory guard plus existing focused owner tests for this module	CSD-1,CSD-2,CSD-3,CSD-4,CSD-5,CSD-6,CSD-7,CSD-8,CSD-9
packages/agent/src/shared/server/context.rs	Rust	context_spawn_sleep_task	shared_server	actor_serialization	owner starts tokio task during bootstrap, runtime service start, or request scope	ShutdownCoordinator owns abort/drain path	no producer queue; concurrency is bounded by owner task/request lifetime	actor or semaphore serializes state transitions FIFO by owner policy	deadline, retry delay, heartbeat, debounce, or batch cadence is explicit in source	no blocking work on scheduler path or work is asynchronous I/O	CSD static inventory guard plus existing focused owner tests for this module	CSD-1,CSD-2,CSD-3,CSD-4,CSD-5,CSD-6,CSD-7,CSD-8,CSD-9
packages/agent/src/transport/engine/socket/mod.rs	Rust	mod_spawn_channel_cancel	engine_socket_transport	bounded_queue	bounded channel constructed by owner before producer handoff	CancellationToken cancellation or parent shutdown breaks loop	bounded Tokio channel capacity or broadcast lag policy is explicit in source	owner boundary serializes mutation or view identity scopes concurrent work	no independent timer; caller/request/shutdown lifetime is the deadline	no blocking work on scheduler path or work is asynchronous I/O	CSD static inventory guard plus existing focused owner tests for this module	CSD-1,CSD-2,CSD-3,CSD-4,CSD-5,CSD-6,CSD-7,CSD-8,CSD-9
packages/agent/src/transport/engine/socket/outbound.rs	Rust	outbound_cancel	engine_socket_transport	scoped_request_task	owner method enters scheduling surface synchronously	CancellationToken cancellation or parent shutdown breaks loop	no producer queue; concurrency is bounded by owner task/request lifetime	owner boundary serializes mutation or view identity scopes concurrent work	no independent timer; caller/request/shutdown lifetime is the deadline	no blocking work on scheduler path or work is asynchronous I/O	CSD static inventory guard plus existing focused owner tests for this module	CSD-1,CSD-2,CSD-3,CSD-4,CSD-5,CSD-6,CSD-7,CSD-8,CSD-9
packages/agent/src/transport/engine/socket/subscriptions.rs	Rust	subscriptions_cancel	engine_socket_transport	actor_serialization	owner method enters scheduling surface synchronously	CancellationToken cancellation or parent shutdown breaks loop	no producer queue; concurrency is bounded by owner task/request lifetime	actor or semaphore serializes state transitions FIFO by owner policy	no independent timer; caller/request/shutdown lifetime is the deadline	no blocking work on scheduler path or work is asynchronous I/O	CSD static inventory guard plus existing focused owner tests for this module	CSD-1,CSD-2,CSD-3,CSD-4,CSD-5,CSD-6,CSD-7,CSD-8,CSD-9
packages/agent/src/transport/http/auth.rs	Rust	auth_sleep	http_transport	timer_loop	owner method enters scheduling surface synchronously	visible cancel path via deinit, stop, reset, disconnect, cleanup, cancel, or view disappearance	no producer queue; concurrency is bounded by owner task/request lifetime	loop sleeps/yields between attempts and observes cancellation before next cadence	deadline, retry delay, heartbeat, debounce, or batch cadence is explicit in source	no blocking work on scheduler path or work is asynchronous I/O	CSD static inventory guard plus existing focused owner tests for this module	CSD-1,CSD-2,CSD-3,CSD-4,CSD-5,CSD-6,CSD-7,CSD-8,CSD-9
packages/agent/src/transport/runtime/external_workers.rs	Rust	external_workers_spawn_channel	engine_runtime_transport	bounded_queue	bounded channel constructed by owner before producer handoff	visible cancel path via deinit, stop, reset, disconnect, cleanup, cancel, or view disappearance	bounded Tokio channel capacity or broadcast lag policy is explicit in source	owner boundary serializes mutation or view identity scopes concurrent work	deadline, retry delay, heartbeat, debounce, or batch cadence is explicit in source	no blocking work on scheduler path or work is asynchronous I/O	transport::runtime::external_workers tests plus CSD static bounded-channel guard	CSD-1,CSD-2,CSD-3,CSD-4,CSD-5,CSD-6,CSD-7,CSD-8,CSD-9
packages/agent/src/transport/runtime/mod.rs	Rust	mod_spawn	engine_runtime_transport	tracked_background_task	owner starts tokio task during bootstrap, runtime service start, or request scope	ShutdownCoordinator owns abort/drain path	no producer queue; concurrency is bounded by owner task/request lifetime	owner boundary serializes mutation or view identity scopes concurrent work	deadline, retry delay, heartbeat, debounce, or batch cadence is explicit in source	no blocking work on scheduler path or work is asynchronous I/O	CSD static inventory guard plus existing focused owner tests for this module	CSD-1,CSD-2,CSD-3,CSD-4,CSD-5,CSD-6,CSD-7,CSD-8,CSD-9
packages/agent/src/transport/runtime/queue_drainer.rs	Rust	queue_drainer_cancel_sleep	engine_runtime_transport	timer_loop	owner method enters scheduling surface synchronously	CancellationToken cancellation or parent shutdown breaks loop	no producer queue; concurrency is bounded by owner task/request lifetime	per-queue lease ownership preserves serial claim and retry/dead-letter order	deadline, retry delay, heartbeat, debounce, or batch cadence is explicit in source	no blocking work on scheduler path or work is asynchronous I/O	engine::tests::durability queue tests plus CSD timer-loop guard; Performance / Resource Governance extends CSD bounded task and queue proof	CSD-1,CSD-2,CSD-3,CSD-4,CSD-5,CSD-6,CSD-7,CSD-8,CSD-9
packages/agent/src/transport/runtime/streams/mod.rs	Rust	mod_channel_cancel	engine_runtime_transport	scoped_request_task	owner method enters scheduling surface synchronously	CancellationToken cancellation or parent shutdown breaks loop	no producer queue; concurrency is bounded by owner task/request lifetime	owner boundary serializes mutation or view identity scopes concurrent work	no independent timer; caller/request/shutdown lifetime is the deadline	no blocking work on scheduler path or work is asynchronous I/O	transport::runtime::streams tests plus CSD cancellation/lag guard	CSD-1,CSD-2,CSD-3,CSD-4,CSD-5,CSD-6,CSD-7,CSD-8,CSD-9
packages/agent/src/transport/runtime/worker_heartbeat.rs	Rust	worker_heartbeat_cancel_sleep	engine_runtime_transport	timer_loop	owner method enters scheduling surface synchronously	CancellationToken cancellation or parent shutdown breaks loop	no producer queue; concurrency is bounded by owner task/request lifetime	loop sleeps/yields between attempts and observes cancellation before next cadence	deadline, retry delay, heartbeat, debounce, or batch cadence is explicit in source	no blocking work on scheduler path or work is asynchronous I/O	CSD static inventory guard plus existing focused owner tests for this module	CSD-1,CSD-2,CSD-3,CSD-4,CSD-5,CSD-6,CSD-7,CSD-8,CSD-9
packages/ios-app/Sources/App/Lifecycle/TronMobileApp.swift	Swift	tronmobileapp_sleep_task_debounce	ios_app_lifecycle	debounce_or_coalescer	owner starts Swift task from service, view model, or view action boundary	visible cancel path via deinit, stop, reset, disconnect, cleanup, cancel, or view disappearance	coalesces repeated work instead of queueing unbounded tasks	owner boundary serializes mutation or view identity scopes concurrent work	deadline, retry delay, heartbeat, debounce, or batch cadence is explicit in source	MainActor is used only for UI mutation; blocking work is offloaded or absent	CSD static inventory guard plus existing focused owner tests for this module	CSD-1,CSD-2,CSD-3,CSD-4,CSD-5,CSD-6,CSD-7,CSD-8,CSD-9
packages/ios-app/Sources/Engine/Events/Live/AsyncEventStream.swift	Swift	asynceventstream_task_stream	ios_event_stream	external_callback_bridge	owner installs callback, notification, capture, or stream continuation at view/service start	visible cancel path via deinit, stop, reset, disconnect, cleanup, cancel, or view disappearance	AsyncStream uses bounded bufferingNewest policy or protocol-level cursor polling	owner boundary serializes mutation or view identity scopes concurrent work	no independent timer; caller/request/shutdown lifetime is the deadline	no blocking work on scheduler path or work is asynchronous I/O	AsyncEventStreamTests bounded buffering and termination coverage plus CSD static guard	CSD-1,CSD-2,CSD-3,CSD-4,CSD-5,CSD-6,CSD-7,CSD-8,CSD-9
packages/ios-app/Sources/Engine/Persistence/Sync/EventStoreManager+SessionActivity.swift	Swift	eventstoremanager_sessionactivity_task	ios_event_persistence	tracked_background_task	owner starts Swift task from service, view model, or view action boundary	visible cancel path via deinit, stop, reset, disconnect, cleanup, cancel, or view disappearance	no producer queue; concurrency is bounded by owner task/request lifetime	owner boundary serializes mutation or view identity scopes concurrent work	no independent timer; caller/request/shutdown lifetime is the deadline	MainActor is used only for UI mutation; blocking work is offloaded or absent	EventStoreManagerTests and CSD duplicate-task guard	CSD-1,CSD-2,CSD-3,CSD-4,CSD-5,CSD-6,CSD-7,CSD-8,CSD-9
packages/ios-app/Sources/Engine/Persistence/Sync/EventStoreManager.swift	Swift	eventstoremanager_sleep_task_debounce	ios_event_persistence	debounce_or_coalescer	owner starts Swift task from service, view model, or view action boundary	visible cancel path via deinit, stop, reset, disconnect, cleanup, cancel, or view disappearance	coalesces repeated work instead of queueing unbounded tasks	owner boundary serializes mutation or view identity scopes concurrent work	deadline, retry delay, heartbeat, debounce, or batch cadence is explicit in source	MainActor is used only for UI mutation; blocking work is offloaded or absent	EventStoreManagerTests and CSD duplicate-task guard	CSD-1,CSD-2,CSD-3,CSD-4,CSD-5,CSD-6,CSD-7,CSD-8,CSD-9
packages/ios-app/Sources/Engine/Persistence/Sync/SessionRefreshService.swift	Swift	sessionrefreshservice_sleep_task_debounce	ios_event_persistence	debounce_or_coalescer	owner starts Swift task from service, view model, or view action boundary	visible cancel path via deinit, stop, reset, disconnect, cleanup, cancel, or view disappearance	coalesces repeated work instead of queueing unbounded tasks	owner boundary serializes mutation or view identity scopes concurrent work	deadline, retry delay, heartbeat, debounce, or batch cadence is explicit in source	MainActor is used only for UI mutation; blocking work is offloaded or absent	SessionRefreshServiceTests and CSD coalescing inventory guard	CSD-1,CSD-2,CSD-3,CSD-4,CSD-5,CSD-6,CSD-7,CSD-8,CSD-9
packages/ios-app/Sources/Engine/Transport/Clients/InteractionPolicy.swift	Swift	interactionpolicy_sleep_task_debounce	ios_engine_client_access	debounce_or_coalescer	owner starts Swift task from service, view model, or view action boundary	visible cancel path via deinit, stop, reset, disconnect, cleanup, cancel, or view disappearance	coalesces repeated work instead of queueing unbounded tasks	owner boundary serializes mutation or view identity scopes concurrent work	deadline, retry delay, heartbeat, debounce, or batch cadence is explicit in source	MainActor is used only for UI mutation; blocking work is offloaded or absent	CSD static inventory guard plus existing focused owner tests for this module	CSD-1,CSD-2,CSD-3,CSD-4,CSD-5,CSD-6,CSD-7,CSD-8,CSD-9
packages/ios-app/Sources/Engine/Transport/Clients/Repositories/Defaults/DefaultEngineAccessRepositories.swift	Swift	defaultengineaccessrepositories_stream	ios_engine_client_access	external_callback_bridge	owner installs callback, notification, capture, or stream continuation at view/service start	visible cancel path via deinit, stop, reset, disconnect, cleanup, cancel, or view disappearance	AsyncStream uses bounded bufferingNewest policy or protocol-level cursor polling	owner boundary serializes mutation or view identity scopes concurrent work	no independent timer; caller/request/shutdown lifetime is the deadline	MainActor is used only for UI mutation; blocking work is offloaded or absent	CSD static inventory guard plus existing focused owner tests for this module	CSD-1,CSD-2,CSD-3,CSD-4,CSD-5,CSD-6,CSD-7,CSD-8,CSD-9
packages/ios-app/Sources/Engine/Transport/Clients/Repositories/Defaults/Protocols/EngineAccessRepositories.swift	Swift	engineaccessrepositories_stream	ios_engine_client_access	external_callback_bridge	owner installs callback, notification, capture, or stream continuation at view/service start	visible cancel path via deinit, stop, reset, disconnect, cleanup, cancel, or view disappearance	AsyncStream uses bounded bufferingNewest policy or protocol-level cursor polling	owner boundary serializes mutation or view identity scopes concurrent work	no independent timer; caller/request/shutdown lifetime is the deadline	MainActor is used only for UI mutation; blocking work is offloaded or absent	CSD static inventory guard plus existing focused owner tests for this module	CSD-1,CSD-2,CSD-3,CSD-4,CSD-5,CSD-6,CSD-7,CSD-8,CSD-9
packages/ios-app/Sources/Engine/Transport/Retry/AsyncClock.swift	Swift	asyncclock_sleep_task	ios_retry_transport	timer_loop	owner starts Swift task from service, view model, or view action boundary	owner lifetime bounds the scheduling surface; no detached orphan path	no producer queue; concurrency is bounded by owner task/request lifetime	loop sleeps/yields between attempts and observes cancellation before next cadence	deadline, retry delay, heartbeat, debounce, or batch cadence is explicit in source	no blocking work on scheduler path or work is asynchronous I/O	CSD static inventory guard plus existing focused owner tests for this module	CSD-1,CSD-2,CSD-3,CSD-4,CSD-5,CSD-6,CSD-7,CSD-8,CSD-9
packages/ios-app/Sources/Engine/Transport/Retry/ConnectionManager.swift	Swift	connectionmanager_task	ios_retry_transport	debounce_or_coalescer	owner starts Swift task from service, view model, or view action boundary	visible cancel path via deinit, stop, reset, disconnect, cleanup, cancel, or view disappearance	coalesces repeated work instead of queueing unbounded tasks	owner boundary serializes mutation or view identity scopes concurrent work	deadline, retry delay, heartbeat, debounce, or batch cadence is explicit in source	MainActor is used only for UI mutation; blocking work is offloaded or absent	ConnectionManagerTests and CSD retry-task guard	CSD-1,CSD-2,CSD-3,CSD-4,CSD-5,CSD-6,CSD-7,CSD-8,CSD-9
packages/ios-app/Sources/Engine/Transport/Retry/EngineRetryPolicy.swift	Swift	engineretrypolicy_sleep_task	ios_retry_transport	timer_loop	owner starts Swift task from service, view model, or view action boundary	owner lifetime bounds the scheduling surface; no detached orphan path	no producer queue; concurrency is bounded by owner task/request lifetime	loop sleeps/yields between attempts and observes cancellation before next cadence	deadline, retry delay, heartbeat, debounce, or batch cadence is explicit in source	MainActor is used only for UI mutation; blocking work is offloaded or absent	CSD static inventory guard plus existing focused owner tests for this module	CSD-1,CSD-2,CSD-3,CSD-4,CSD-5,CSD-6,CSD-7,CSD-8,CSD-9
packages/ios-app/Sources/Engine/Transport/WebSocket/EngineClient.swift	Swift	engineclient_sleep_task_stream	ios_websocket_transport	ack_coalescer	owner installs callback, notification, capture, or stream continuation at view/service start	visible cancel path via deinit, stop, reset, disconnect, cleanup, cancel, or view disappearance	stream ACKs coalesce to latest cursor before send	stream subscription, event receive, and ACK tasks have one owner per EngineClient connection	deadline, retry delay, heartbeat, debounce, or batch cadence is explicit in source	MainActor is used only for UI mutation; blocking work is offloaded or absent	EngineClientTests and CSD ACK coalescing inventory guard	CSD-1,CSD-2,CSD-3,CSD-4,CSD-5,CSD-6,CSD-7,CSD-8,CSD-9
packages/ios-app/Sources/Engine/Transport/WebSocket/EngineConnection+Receiving.swift	Swift	engineconnection_receiving_sleep_task	ios_websocket_transport	timer_loop	owner starts Swift task from service, view model, or view action boundary	visible cancel path via deinit, stop, reset, disconnect, cleanup, cancel, or view disappearance	no producer queue; concurrency is bounded by owner task/request lifetime	receive, ping, reconnect, request timeout, and ACK tasks have one owner per connection	deadline, retry delay, heartbeat, debounce, or batch cadence is explicit in source	MainActor is used only for UI mutation; blocking work is offloaded or absent	EngineConnectionReconnectTests and CSD stored-task cancellation guard	CSD-1,CSD-2,CSD-3,CSD-4,CSD-5,CSD-6,CSD-7,CSD-8,CSD-9
packages/ios-app/Sources/Engine/Transport/WebSocket/EngineConnection+Reconnect.swift	Swift	engineconnection_reconnect_sleep_task	ios_websocket_transport	timer_loop	owner starts Swift task from service, view model, or view action boundary	visible cancel path via deinit, stop, reset, disconnect, cleanup, cancel, or view disappearance	no producer queue; concurrency is bounded by owner task/request lifetime	receive, ping, reconnect, request timeout, and ACK tasks have one owner per connection	deadline, retry delay, heartbeat, debounce, or batch cadence is explicit in source	MainActor is used only for UI mutation; blocking work is offloaded or absent	EngineConnectionReconnectTests and CSD stored-task cancellation guard	CSD-1,CSD-2,CSD-3,CSD-4,CSD-5,CSD-6,CSD-7,CSD-8,CSD-9
packages/ios-app/Sources/Engine/Transport/WebSocket/EngineConnection+Requests.swift	Swift	engineconnection_requests_sleep_task	ios_websocket_transport	timer_loop	owner starts Swift task from service, view model, or view action boundary	owner lifetime bounds the scheduling surface; no detached orphan path	no producer queue; concurrency is bounded by owner task/request lifetime	receive, ping, reconnect, request timeout, and ACK tasks have one owner per connection	deadline, retry delay, heartbeat, debounce, or batch cadence is explicit in source	MainActor is used only for UI mutation; blocking work is offloaded or absent	EngineConnectionReconnectTests and CSD stored-task cancellation guard	CSD-1,CSD-2,CSD-3,CSD-4,CSD-5,CSD-6,CSD-7,CSD-8,CSD-9
packages/ios-app/Sources/Engine/Transport/WebSocket/EngineConnection.swift	Swift	engineconnection_sleep_task	ios_websocket_transport	timer_loop	owner starts Swift task from service, view model, or view action boundary	visible cancel path via deinit, stop, reset, disconnect, cleanup, cancel, or view disappearance	no producer queue; concurrency is bounded by owner task/request lifetime	receive, ping, reconnect, request timeout, and ACK tasks have one owner per connection	deadline, retry delay, heartbeat, debounce, or batch cadence is explicit in source	MainActor is used only for UI mutation; blocking work is offloaded or absent	EngineConnectionReconnectTests and CSD stored-task cancellation guard	CSD-1,CSD-2,CSD-3,CSD-4,CSD-5,CSD-6,CSD-7,CSD-8,CSD-9
packages/ios-app/Sources/Engine/Transport/WebSocket/EngineConnectionProtocolFrames.swift	Swift	engineconnectionprotocolframes_task	ios_websocket_transport	actor_serialization	owner starts Swift task from service, view model, or view action boundary	visible cancel path via deinit, stop, reset, disconnect, cleanup, cancel, or view disappearance	no producer queue; concurrency is bounded by owner task/request lifetime	receive, ping, reconnect, request timeout, and ACK tasks have one owner per connection	no independent timer; caller/request/shutdown lifetime is the deadline	MainActor is used only for UI mutation; blocking work is offloaded or absent	EngineConnectionReconnectTests and CSD stored-task cancellation guard	CSD-1,CSD-2,CSD-3,CSD-4,CSD-5,CSD-6,CSD-7,CSD-8,CSD-9
packages/ios-app/Sources/Engine/Transport/WebSocket/Protocols/EngineClientProtocol.swift	Swift	engineclientprotocol_stream	ios_websocket_transport	external_callback_bridge	owner installs callback, notification, capture, or stream continuation at view/service start	visible cancel path via deinit, stop, reset, disconnect, cleanup, cancel, or view disappearance	AsyncStream uses bounded bufferingNewest policy or protocol-level cursor polling	receive, ping, reconnect, request timeout, and ACK tasks have one owner per connection	no independent timer; caller/request/shutdown lifetime is the deadline	MainActor is used only for UI mutation; blocking work is offloaded or absent	EngineClientTests and CSD ACK coalescing inventory guard	CSD-1,CSD-2,CSD-3,CSD-4,CSD-5,CSD-6,CSD-7,CSD-8,CSD-9
packages/ios-app/Sources/Session/Chat/Coordinators/ConnectionCoordinator.swift	Swift	connectioncoordinator_sleep_task	ios_chat_coordinators	timer_loop	owner starts Swift task from service, view model, or view action boundary	visible cancel path via deinit, stop, reset, disconnect, cleanup, cancel, or view disappearance	no producer queue; concurrency is bounded by owner task/request lifetime	loop sleeps/yields between attempts and observes cancellation before next cadence	deadline, retry delay, heartbeat, debounce, or batch cadence is explicit in source	MainActor is used only for UI mutation; blocking work is offloaded or absent	CSD static inventory guard plus existing focused owner tests for this module	CSD-1,CSD-2,CSD-3,CSD-4,CSD-5,CSD-6,CSD-7,CSD-8,CSD-9
packages/ios-app/Sources/Session/Chat/Coordinators/ContentViewCoordinator.swift	Swift	contentviewcoordinator_task	ios_chat_coordinators	debounce_or_coalescer	owner starts Swift task from service, view model, or view action boundary	owner lifetime bounds the scheduling surface; no detached orphan path	coalesces repeated work instead of queueing unbounded tasks	owner boundary serializes mutation or view identity scopes concurrent work	no independent timer; caller/request/shutdown lifetime is the deadline	MainActor is used only for UI mutation; blocking work is offloaded or absent	CSD static inventory guard plus existing focused owner tests for this module	CSD-1,CSD-2,CSD-3,CSD-4,CSD-5,CSD-6,CSD-7,CSD-8,CSD-9
packages/ios-app/Sources/Session/Chat/Coordinators/TurnLifecycleCoordinator.swift	Swift	turnlifecyclecoordinator_task	ios_chat_coordinators	tracked_background_task	owner starts Swift task from service, view model, or view action boundary	visible cancel path via deinit, stop, reset, disconnect, cleanup, cancel, or view disappearance	no producer queue; concurrency is bounded by owner task/request lifetime	owner boundary serializes mutation or view identity scopes concurrent work	no independent timer; caller/request/shutdown lifetime is the deadline	MainActor is used only for UI mutation; blocking work is offloaded or absent	CSD static inventory guard plus existing focused owner tests for this module	CSD-1,CSD-2,CSD-3,CSD-4,CSD-5,CSD-6,CSD-7,CSD-8,CSD-9
packages/ios-app/Sources/Session/Chat/Coordinators/UIUpdateQueue.swift	Swift	uiupdatequeue_sleep_task	ios_chat_coordinators	debounce_or_coalescer	owner starts Swift task from service, view model, or view action boundary	visible cancel path via deinit, stop, reset, disconnect, cleanup, cancel, or view disappearance	coalesces pending updates and drains one batch task per interval	stable equal-priority ordering and text-delta coalescing are tested	deadline, retry delay, heartbeat, debounce, or batch cadence is explicit in source	MainActor is used only for UI mutation; blocking work is offloaded or absent	UIUpdateQueueTests and CSD coalescing inventory guard	CSD-1,CSD-2,CSD-3,CSD-4,CSD-5,CSD-6,CSD-7,CSD-8,CSD-9
packages/ios-app/Sources/Session/Chat/Messaging/StreamingManager.swift	Swift	streamingmanager_timer	ios_chat_messaging	timer_loop	owner method enters scheduling surface synchronously	visible cancel path via deinit, stop, reset, disconnect, cleanup, cancel, or view disappearance	no producer queue; concurrency is bounded by owner task/request lifetime	loop sleeps/yields between attempts and observes cancellation before next cadence	no independent timer; caller/request/shutdown lifetime is the deadline	MainActor is used only for UI mutation; blocking work is offloaded or absent	CSD static inventory guard plus existing focused owner tests for this module	CSD-1,CSD-2,CSD-3,CSD-4,CSD-5,CSD-6,CSD-7,CSD-8,CSD-9
packages/ios-app/Sources/Session/Chat/Navigation/AnimationCoordinator.swift	Swift	animationcoordinator_sleep_task	ios_chat_navigation	timer_loop	owner starts Swift task from service, view model, or view action boundary	visible cancel path via deinit, stop, reset, disconnect, cleanup, cancel, or view disappearance	no producer queue; concurrency is bounded by owner task/request lifetime	loop sleeps/yields between attempts and observes cancellation before next cadence	deadline, retry delay, heartbeat, debounce, or batch cadence is explicit in source	MainActor is used only for UI mutation; blocking work is offloaded or absent	CSD static inventory guard plus existing focused owner tests for this module	CSD-1,CSD-2,CSD-3,CSD-4,CSD-5,CSD-6,CSD-7,CSD-8,CSD-9
packages/ios-app/Sources/Session/Chat/State/InputBarState.swift	Swift	inputbarstate_debounce	ios_chat_state	debounce_or_coalescer	owner exposes a draft fingerprint consumed by the ChatView debounced save boundary	visible reset and clear paths remove pending composer state	no producer queue; repeated state changes coalesce through the downstream draft save debounce	owner boundary serializes mutation on the mounted chat session state	UI work is view/action scoped; debounce cadence is owned by the downstream draft store	no blocking work on scheduler path or work is asynchronous I/O	CSD static inventory guard plus existing chat view and draft-store tests	CSD-1,CSD-2,CSD-4,CSD-8,CSD-9
packages/ios-app/Sources/Session/Chat/ViewModel/ChatViewModel+Messaging.swift	Swift	chatviewmodel_messaging_cancel_task	ios_chat_view_model	tracked_background_task	owner starts Swift task from service, view model, or view action boundary	CancellationToken cancellation or parent shutdown breaks loop	no producer queue; concurrency is bounded by owner task/request lifetime	owner boundary serializes mutation or view identity scopes concurrent work	no independent timer; caller/request/shutdown lifetime is the deadline	MainActor is used only for UI mutation; blocking work is offloaded or absent	CSD static inventory guard plus existing focused owner tests for this module	CSD-1,CSD-2,CSD-3,CSD-4,CSD-5,CSD-6,CSD-7,CSD-8,CSD-9
packages/ios-app/Sources/Session/Chat/ViewModel/ChatViewModel+Pagination.swift	Swift	chatviewmodel_pagination_task	ios_chat_view_model	tracked_background_task	owner starts Swift task from service, view model, or view action boundary	owner lifetime bounds the scheduling surface; no detached orphan path	no producer queue; concurrency is bounded by owner task/request lifetime	owner boundary serializes mutation or view identity scopes concurrent work	no independent timer; caller/request/shutdown lifetime is the deadline	no blocking work on scheduler path or work is asynchronous I/O	CSD static inventory guard plus existing focused owner tests for this module	CSD-1,CSD-2,CSD-3,CSD-4,CSD-5,CSD-6,CSD-7,CSD-8,CSD-9
packages/ios-app/Sources/Session/Chat/ViewModel/ChatViewModel.swift	Swift	chatviewmodel_task	ios_chat_view_model	tracked_background_task	owner starts Swift task from service, view model, or view action boundary	visible cancel path via deinit, stop, reset, disconnect, cleanup, cancel, or view disappearance	no producer queue; concurrency is bounded by owner task/request lifetime	owner boundary serializes mutation or view identity scopes concurrent work	no independent timer; caller/request/shutdown lifetime is the deadline	MainActor is used only for UI mutation; blocking work is offloaded or absent	CSD static inventory guard plus existing focused owner tests for this module	CSD-1,CSD-2,CSD-3,CSD-4,CSD-5,CSD-6,CSD-7,CSD-8,CSD-9
packages/ios-app/Sources/Session/Timeline/Activity/SessionActivityStreamManager.swift	Swift	sessionactivitystreammanager_sleep_task_timer	ios_session_timeline	debounce_or_coalescer	owner starts Swift task from service, view model, or view action boundary	visible cancel path via deinit, stop, reset, disconnect, cleanup, cancel, or view disappearance	coalesces repeated work instead of queueing unbounded tasks	owner boundary serializes mutation or view identity scopes concurrent work	deadline, retry delay, heartbeat, debounce, or batch cadence is explicit in source	MainActor is used only for UI mutation; blocking work is offloaded or absent	CSD static inventory guard plus existing focused owner tests for this module	CSD-1,CSD-2,CSD-3,CSD-4,CSD-5,CSD-6,CSD-7,CSD-8,CSD-9
packages/ios-app/Sources/Support/Composition/DependencyContainer.swift	Swift	dependencycontainer_task	ios_composition	tracked_background_task	owner starts Swift task from service, view model, or view action boundary	visible cancel path via deinit, stop, reset, disconnect, cleanup, cancel, or view disappearance	no producer queue; concurrency is bounded by owner task/request lifetime	owner boundary serializes mutation or view identity scopes concurrent work	no independent timer; caller/request/shutdown lifetime is the deadline	MainActor is used only for UI mutation; blocking work is offloaded or absent	CSD static inventory guard plus existing focused owner tests for this module	CSD-1,CSD-2,CSD-3,CSD-4,CSD-5,CSD-6,CSD-7,CSD-8,CSD-9
packages/ios-app/Sources/Support/Diagnostics/ClientLogIngestionService.swift	Swift	clientlogingestionservice_sleep_task	ios_diagnostics	timer_loop	owner starts Swift task from service, view model, or view action boundary	visible cancel path via deinit, stop, reset, disconnect, cleanup, cancel, or view disappearance	upload task is single-flight and diagnostics batches are bounded upstream	loop sleeps/yields between attempts and observes cancellation before next cadence	deadline, retry delay, heartbeat, debounce, or batch cadence is explicit in source	MainActor is used only for UI mutation; blocking work is offloaded or absent	ClientLogIngestionServiceTests and CSD upload serialization guard	CSD-1,CSD-2,CSD-3,CSD-4,CSD-5,CSD-6,CSD-7,CSD-8,CSD-9
packages/ios-app/Sources/Support/Foundation/Concurrency/AsyncSemaphore.swift	Swift	asyncsemaphore_task	ios_foundation_concurrency	actor_serialization	owner starts Swift task from service, view model, or view action boundary	visible cancel path via deinit, stop, reset, disconnect, cleanup, cancel, or view disappearance	semaphore bounds concurrent waiters by permit count	actor or semaphore serializes state transitions FIFO by owner policy	no independent timer; caller/request/shutdown lifetime is the deadline	no blocking work on scheduler path or work is asynchronous I/O	CSD static inventory guard plus existing focused owner tests for this module	CSD-1,CSD-2,CSD-3,CSD-4,CSD-5,CSD-6,CSD-7,CSD-8,CSD-9
packages/ios-app/Sources/Support/Foundation/SwiftUI/KeyboardObserver.swift	Swift	keyboardobserver_task	ios_swiftui_foundation	external_callback_bridge	owner installs callback, notification, capture, or stream continuation at view/service start	visible cancel path via deinit, stop, reset, disconnect, cleanup, cancel, or view disappearance	callback fanout is bounded by owner queue, bounded stream buffer, or one active session queue	owner boundary serializes mutation or view identity scopes concurrent work	no independent timer; caller/request/shutdown lifetime is the deadline	MainActor is used only for UI mutation; blocking work is offloaded or absent	CSD static inventory guard plus existing focused owner tests for this module	CSD-1,CSD-2,CSD-3,CSD-4,CSD-5,CSD-6,CSD-7,CSD-8,CSD-9
packages/ios-app/Sources/Support/Foundation/SwiftUI/ToastCenter.swift	Swift	toastcenter_sleep_task	ios_swiftui_foundation	timer_loop	owner starts Swift task from service, view model, or view action boundary	visible cancel path via deinit, stop, reset, disconnect, cleanup, cancel, or view disappearance	no producer queue; concurrency is bounded by owner task/request lifetime	loop sleeps/yields between attempts and observes cancellation before next cadence	deadline, retry delay, heartbeat, debounce, or batch cadence is explicit in source	MainActor is used only for UI mutation; blocking work is offloaded or absent	CSD static inventory guard plus existing focused owner tests for this module	CSD-1,CSD-2,CSD-3,CSD-4,CSD-5,CSD-6,CSD-7,CSD-8,CSD-9
packages/ios-app/Sources/Support/Pairing/Onboarding/PairingProbe.swift	Swift	pairingprobe_sleep_task	ios_pairing_probe	actor_serialization	owner starts Swift task from service, view model, or view action boundary	visible cancel path via deinit, stop, reset, disconnect, cleanup, cancel, or view disappearance	no producer queue; concurrency is bounded by owner task/request lifetime	actor or semaphore serializes state transitions FIFO by owner policy	deadline, retry delay, heartbeat, debounce, or batch cadence is explicit in source	MainActor is used only for UI mutation; blocking work is offloaded or absent	CSD static inventory guard plus existing focused owner tests for this module	CSD-1,CSD-2,CSD-3,CSD-4,CSD-5,CSD-6,CSD-7,CSD-8,CSD-9
packages/ios-app/Sources/Support/Storage/DraftStore.swift	Swift	draftstore_sleep_task_debounce	ios_storage	debounce_or_coalescer	owner starts Swift task from service, view model, or view action boundary	visible cancel path via deinit, stop, reset, disconnect, cleanup, cancel, or view disappearance	coalesces repeated work instead of queueing unbounded tasks	owner boundary serializes mutation or view identity scopes concurrent work	deadline, retry delay, heartbeat, debounce, or batch cadence is explicit in source	MainActor is used only for UI mutation; blocking work is offloaded or absent	CSD static inventory guard plus existing focused owner tests for this module	CSD-1,CSD-2,CSD-3,CSD-4,CSD-5,CSD-6,CSD-7,CSD-8,CSD-9
packages/ios-app/Sources/UI/Capabilities/Shared/CapabilityCopyButton.swift	Swift	capabilitycopybutton_sleep_task	ios_capability_ui	timer_loop	owner starts Swift task from service, view model, or view action boundary	visible cancel path via deinit, stop, reset, disconnect, cleanup, cancel, or view disappearance	no producer queue; concurrency is bounded by owner task/request lifetime	loop sleeps/yields between attempts and observes cancellation before next cadence	deadline, retry delay, heartbeat, debounce, or batch cadence is explicit in source	MainActor is used only for UI mutation; blocking work is offloaded or absent	CSD static inventory guard plus existing focused owner tests for this module	CSD-1,CSD-2,CSD-3,CSD-4,CSD-5,CSD-6,CSD-7,CSD-8,CSD-9
packages/ios-app/Sources/UI/Capabilities/Thinking/ThinkingDetailSheet.swift	Swift	thinkingdetailsheet_sleep_task_dispatch	ios_capability_ui	timer_loop	owner starts Swift task from service, view model, or view action boundary	owner lifetime bounds the scheduling surface; no detached orphan path	no producer queue; concurrency is bounded by owner task/request lifetime	loop sleeps/yields between attempts and observes cancellation before next cadence	deadline, retry delay, heartbeat, debounce, or batch cadence is explicit in source	MainActor is used only for UI mutation; blocking work is offloaded or absent	CSD static inventory guard plus existing focused owner tests for this module	CSD-1,CSD-2,CSD-3,CSD-4,CSD-5,CSD-6,CSD-7,CSD-8,CSD-9
packages/ios-app/Sources/UI/AgentCockpit/AgentCockpitViews.swift	Swift	agentcockpitviews_task	ios_agent_cockpit	main_actor_ui	owner starts Swift task from sheet refresh or confirmation action boundary	repository request lifetime bounds each action; SwiftUI cancels the initial .task refresh on view disappearance	no producer queue; concurrency is bounded by owner task/request lifetime	owner boundary serializes mutation or view identity scopes concurrent work	UI work is view/action scoped; repository requests provide the action deadline	no blocking work on scheduler path or work is asynchronous I/O	AgentCockpitViewModelTests plus CSD static inventory guard	CSD-1,CSD-2,CSD-3,CSD-4,CSD-5,CSD-6,CSD-7,CSD-8,CSD-9
packages/ios-app/Sources/UI/Chat/Composer/CameraCaptureSheet.swift	Swift	cameracapturesheet_task_dispatch	ios_chat_composer	external_callback_bridge	owner installs callback, notification, capture, or stream continuation at view/service start	visible cancel path via deinit, stop, reset, disconnect, cleanup, cancel, or view disappearance	callback fanout is bounded by owner queue, bounded stream buffer, or one active session queue	owner boundary serializes mutation or view identity scopes concurrent work	no independent timer; caller/request/shutdown lifetime is the deadline	AVCapture start/stop runs on an owner serial queue off MainActor	SourceGuardTests plus CSD DispatchQueue.global ban and owner serial queue row	CSD-1,CSD-2,CSD-3,CSD-4,CSD-5,CSD-6,CSD-7,CSD-8,CSD-9
packages/ios-app/Sources/UI/Chat/Composer/InputBar.swift	Swift	inputbar_sleep_task	ios_chat_composer	timer_loop	owner starts Swift task from service, view model, or view action boundary	visible cancel path via deinit, stop, reset, disconnect, cleanup, cancel, or view disappearance	no producer queue; concurrency is bounded by owner task/request lifetime	loop sleeps/yields between attempts and observes cancellation before next cadence	deadline, retry delay, heartbeat, debounce, or batch cadence is explicit in source	MainActor is used only for UI mutation; blocking work is offloaded or absent	CSD static inventory guard plus existing focused owner tests for this module	CSD-1,CSD-2,CSD-3,CSD-4,CSD-5,CSD-6,CSD-7,CSD-8,CSD-9
packages/ios-app/Sources/UI/Chat/Messages/DecodedImageView.swift	Swift	decodedimageview	ios_chat_messages	actor_serialization	owner method enters scheduling surface synchronously	visible cancel path via deinit, stop, reset, disconnect, cleanup, cancel, or view disappearance	no producer queue; concurrency is bounded by owner task/request lifetime	actor or semaphore serializes state transitions FIFO by owner policy	no independent timer; caller/request/shutdown lifetime is the deadline	image decode runs through a serial worker actor before returning to the view	CSD static inventory guard plus existing focused owner tests for this module	CSD-1,CSD-2,CSD-3,CSD-4,CSD-5,CSD-6,CSD-7,CSD-8,CSD-9
packages/ios-app/Sources/UI/Chat/Sheets/NewSessionFlow.swift	Swift	newsessionflow_sleep_task	ios_chat_sheets	timer_loop	owner starts Swift task from service, view model, or view action boundary	owner lifetime bounds the scheduling surface; no detached orphan path	no producer queue; concurrency is bounded by owner task/request lifetime	loop sleeps/yields between attempts and observes cancellation before next cadence	deadline, retry delay, heartbeat, debounce, or batch cadence is explicit in source	MainActor is used only for UI mutation; blocking work is offloaded or absent	CSD static inventory guard plus existing focused owner tests for this module	CSD-1,CSD-2,CSD-3,CSD-4,CSD-5,CSD-6,CSD-7,CSD-8,CSD-9
packages/ios-app/Sources/UI/Chat/Shell/ChatView+Helpers.swift	Swift	chatview_helpers_sleep_task	ios_chat_shell	timer_loop	owner starts Swift task from service, view model, or view action boundary	visible cancel path via deinit, stop, reset, disconnect, cleanup, cancel, or view disappearance	no producer queue; concurrency is bounded by owner task/request lifetime	loop sleeps/yields between attempts and observes cancellation before next cadence	deadline, retry delay, heartbeat, debounce, or batch cadence is explicit in source	no blocking work on scheduler path or work is asynchronous I/O	CSD static inventory guard plus existing focused owner tests for this module	CSD-1,CSD-2,CSD-3,CSD-4,CSD-5,CSD-6,CSD-7,CSD-8,CSD-9
packages/ios-app/Sources/UI/Chat/Shell/ChatView+MessageList.swift	Swift	chatview_messagelist_sleep_task	ios_chat_shell	timer_loop	owner starts Swift task from service, view model, or view action boundary	visible cancel path via deinit, stop, reset, disconnect, cleanup, cancel, or view disappearance	no producer queue; concurrency is bounded by owner task/request lifetime	loop sleeps/yields between attempts and observes cancellation before next cadence	deadline, retry delay, heartbeat, debounce, or batch cadence is explicit in source	MainActor is used only for UI mutation; blocking work is offloaded or absent	CSD static inventory guard plus existing focused owner tests for this module	CSD-1,CSD-2,CSD-3,CSD-4,CSD-5,CSD-6,CSD-7,CSD-8,CSD-9
packages/ios-app/Sources/UI/Chat/Shell/ChatView+Toolbar.swift	Swift	chatview_toolbar_sleep_task	ios_chat_shell	timer_loop	owner starts Swift task from service, view model, or view action boundary	owner lifetime bounds the scheduling surface; no detached orphan path	no producer queue; concurrency is bounded by owner task/request lifetime	loop sleeps/yields between attempts and observes cancellation before next cadence	deadline, retry delay, heartbeat, debounce, or batch cadence is explicit in source	no blocking work on scheduler path or work is asynchronous I/O	CSD static inventory guard plus existing focused owner tests for this module	CSD-1,CSD-2,CSD-3,CSD-4,CSD-5,CSD-6,CSD-7,CSD-8,CSD-9
packages/ios-app/Sources/UI/Chat/Shell/ChatView.swift	Swift	chatview_task_debounce	ios_chat_shell	debounce_or_coalescer	owner starts Swift task from service, view model, or view action boundary	visible cancel path via deinit, stop, reset, disconnect, cleanup, cancel, or view disappearance	coalesces repeated work instead of queueing unbounded tasks	owner boundary serializes mutation or view identity scopes concurrent work	deadline, retry delay, heartbeat, debounce, or batch cadence is explicit in source	no blocking work on scheduler path or work is asynchronous I/O	CSD static inventory guard plus existing focused owner tests for this module	CSD-1,CSD-2,CSD-3,CSD-4,CSD-5,CSD-6,CSD-7,CSD-8,CSD-9
packages/ios-app/Sources/UI/Chat/Shell/ContentView.swift	Swift	contentview_sleep_task	ios_chat_shell	debounce_or_coalescer	owner starts Swift task from service, view model, or view action boundary	visible cancel path via deinit, stop, reset, disconnect, cleanup, cancel, or view disappearance	coalesces repeated work instead of queueing unbounded tasks	owner boundary serializes mutation or view identity scopes concurrent work	deadline, retry delay, heartbeat, debounce, or batch cadence is explicit in source	MainActor is used only for UI mutation; blocking work is offloaded or absent	CSD static inventory guard plus existing focused owner tests for this module	CSD-1,CSD-2,CSD-3,CSD-4,CSD-5,CSD-6,CSD-7,CSD-8,CSD-9
packages/ios-app/Sources/UI/Components/ConnectionStatusPill.swift	Swift	connectionstatuspill_sleep_task_debounce	ios_ui_components	debounce_or_coalescer	owner starts Swift task from service, view model, or view action boundary	visible cancel path via deinit, stop, reset, disconnect, cleanup, cancel, or view disappearance	coalesces repeated work instead of queueing unbounded tasks	owner boundary serializes mutation or view identity scopes concurrent work	deadline, retry delay, heartbeat, debounce, or batch cadence is explicit in source	MainActor is used only for UI mutation; blocking work is offloaded or absent	CSD static inventory guard plus existing focused owner tests for this module	CSD-1,CSD-2,CSD-3,CSD-4,CSD-5,CSD-6,CSD-7,CSD-8,CSD-9
packages/ios-app/Sources/UI/Components/ToastBanner.swift	Swift	toastbanner_task	ios_ui_components	main_actor_ui	owner starts Swift task from service, view model, or view action boundary	owner lifetime bounds the scheduling surface; no detached orphan path	no producer queue; concurrency is bounded by owner task/request lifetime	owner boundary serializes mutation or view identity scopes concurrent work	UI work is view/action scoped; animation delays are explicit where present	no blocking work on scheduler path or work is asynchronous I/O	CSD static inventory guard plus existing focused owner tests for this module	CSD-1,CSD-2,CSD-3,CSD-4,CSD-5,CSD-6,CSD-7,CSD-8,CSD-9
packages/ios-app/Sources/UI/Components/TypewriterAnimationState.swift	Swift	typewriteranimationstate_sleep_task	ios_ui_components	timer_loop	owner starts Swift task from service, view model, or view action boundary	visible cancel path via deinit, stop, reset, disconnect, cleanup, cancel, or view disappearance	no producer queue; concurrency is bounded by owner task/request lifetime	loop sleeps/yields between attempts and observes cancellation before next cadence	deadline, retry delay, heartbeat, debounce, or batch cadence is explicit in source	MainActor is used only for UI mutation; blocking work is offloaded or absent	CSD static inventory guard plus existing focused owner tests for this module	CSD-1,CSD-2,CSD-3,CSD-4,CSD-5,CSD-6,CSD-7,CSD-8,CSD-9
packages/ios-app/Sources/UI/Components/TypewriterText.swift	Swift	typewritertext_sleep_task	ios_ui_components	timer_loop	owner starts Swift task from service, view model, or view action boundary	visible cancel path via deinit, stop, reset, disconnect, cleanup, cancel, or view disappearance	no producer queue; concurrency is bounded by owner task/request lifetime	loop sleeps/yields between attempts and observes cancellation before next cadence	deadline, retry delay, heartbeat, debounce, or batch cadence is explicit in source	MainActor is used only for UI mutation; blocking work is offloaded or absent	CSD static inventory guard plus existing focused owner tests for this module	CSD-1,CSD-2,CSD-3,CSD-4,CSD-5,CSD-6,CSD-7,CSD-8,CSD-9
packages/ios-app/Sources/UI/Onboarding/Flow/OnboardingFlowView.swift	Swift	onboardingflowview_sleep_task	ios_onboarding	timer_loop	owner starts Swift task from service, view model, or view action boundary	owner lifetime bounds the scheduling surface; no detached orphan path	no producer queue; concurrency is bounded by owner task/request lifetime	loop sleeps/yields between attempts and observes cancellation before next cadence	deadline, retry delay, heartbeat, debounce, or batch cadence is explicit in source	MainActor is used only for UI mutation; blocking work is offloaded or absent	CSD static inventory guard plus existing focused owner tests for this module	CSD-1,CSD-2,CSD-3,CSD-4,CSD-5,CSD-6,CSD-7,CSD-8,CSD-9
packages/ios-app/Sources/UI/Onboarding/Pairing/QRCodeScannerSheet.swift	Swift	qrcodescannersheet_task_dispatch	ios_onboarding	external_callback_bridge	owner installs callback, notification, capture, or stream continuation at view/service start	visible cancel path via deinit, stop, reset, disconnect, cleanup, cancel, or view disappearance	callback fanout is bounded by owner queue, bounded stream buffer, or one active session queue	owner boundary serializes mutation or view identity scopes concurrent work	no independent timer; caller/request/shutdown lifetime is the deadline	AVCapture start/stop runs on an owner serial queue off MainActor	SourceGuardTests plus CSD DispatchQueue.global ban and owner serial queue row	CSD-1,CSD-2,CSD-3,CSD-4,CSD-5,CSD-6,CSD-7,CSD-8,CSD-9
packages/ios-app/Sources/UI/Onboarding/Steps/PairingStep.swift	Swift	pairingstep_task	ios_onboarding	main_actor_ui	owner starts Swift task from service, view model, or view action boundary	owner lifetime bounds the scheduling surface; no detached orphan path	no producer queue; concurrency is bounded by owner task/request lifetime	owner boundary serializes mutation or view identity scopes concurrent work	UI work is view/action scoped; animation delays are explicit where present	no blocking work on scheduler path or work is asynchronous I/O	CSD static inventory guard plus existing focused owner tests for this module	CSD-1,CSD-2,CSD-3,CSD-4,CSD-5,CSD-6,CSD-7,CSD-8,CSD-9
packages/ios-app/Sources/UI/Onboarding/Steps/SetupStepComponents.swift	Swift	setupstepcomponents_task	ios_onboarding	main_actor_ui	owner starts Swift task from service, view model, or view action boundary	owner lifetime bounds the scheduling surface; no detached orphan path	no producer queue; concurrency is bounded by owner task/request lifetime	owner boundary serializes mutation or view identity scopes concurrent work	UI work is view/action scoped; animation delays are explicit where present	MainActor is used only for UI mutation; blocking work is offloaded or absent	CSD static inventory guard plus existing focused owner tests for this module	CSD-1,CSD-2,CSD-3,CSD-4,CSD-5,CSD-6,CSD-7,CSD-8,CSD-9
packages/ios-app/Sources/UI/Onboarding/Steps/SetupSteps.swift	Swift	setupsteps_task	ios_onboarding	view_scoped_task	SwiftUI .task starts with view identity and current state	SwiftUI cancels the view-scoped task on identity change or disappearance	no producer queue; concurrency is bounded by owner task/request lifetime	owner boundary serializes mutation or view identity scopes concurrent work	UI work is view/action scoped; animation delays are explicit where present	no blocking work on scheduler path or work is asynchronous I/O	CSD static inventory guard plus existing focused owner tests for this module	CSD-1,CSD-2,CSD-3,CSD-4,CSD-5,CSD-6,CSD-7,CSD-8,CSD-9
packages/ios-app/Sources/UI/Settings/ModelPicker/ModelPickerSheet.swift	Swift	modelpickersheet_task	ios_settings_ui	view_scoped_task	SwiftUI .task starts with view identity and current state	visible cancel path via deinit, stop, reset, disconnect, cleanup, cancel, or view disappearance	no producer queue; concurrency is bounded by owner task/request lifetime	owner boundary serializes mutation or view identity scopes concurrent work	UI work is view/action scoped; animation delays are explicit where present	no blocking work on scheduler path or work is asynchronous I/O	CSD static inventory guard plus existing focused owner tests for this module	CSD-1,CSD-2,CSD-3,CSD-4,CSD-5,CSD-6,CSD-7,CSD-8,CSD-9
packages/ios-app/Sources/UI/Settings/Pages/ConnectionSettingsPage.swift	Swift	connectionsettingspage_task	ios_settings_ui	main_actor_ui	owner starts Swift task from service, view model, or view action boundary	visible cancel path via deinit, stop, reset, disconnect, cleanup, cancel, or view disappearance	no producer queue; concurrency is bounded by owner task/request lifetime	owner boundary serializes mutation or view identity scopes concurrent work	UI work is view/action scoped; animation delays are explicit where present	no blocking work on scheduler path or work is asynchronous I/O	CSD static inventory guard plus existing focused owner tests for this module	CSD-1,CSD-2,CSD-3,CSD-4,CSD-5,CSD-6,CSD-7,CSD-8,CSD-9
packages/ios-app/Sources/UI/Settings/Pages/ModelProviders/GoogleCloudRows.swift	Swift	googlecloudrows_task	ios_settings_ui	main_actor_ui	owner starts Swift task from service, view model, or view action boundary	visible cancel path via deinit, stop, reset, disconnect, cleanup, cancel, or view disappearance	no producer queue; concurrency is bounded by owner task/request lifetime	owner boundary serializes mutation or view identity scopes concurrent work	UI work is view/action scoped; animation delays are explicit where present	MainActor is used only for UI mutation; blocking work is offloaded or absent	CSD static inventory guard plus existing focused owner tests for this module	CSD-1,CSD-2,CSD-3,CSD-4,CSD-5,CSD-6,CSD-7,CSD-8,CSD-9
packages/ios-app/Sources/UI/Settings/Pages/ModelProviders/ProviderApiKeyAlert.swift	Swift	providerapikeyalert_task	ios_settings_ui	main_actor_ui	owner starts Swift task from service, view model, or view action boundary	visible cancel path via deinit, stop, reset, disconnect, cleanup, cancel, or view disappearance	no producer queue; concurrency is bounded by owner task/request lifetime	owner boundary serializes mutation or view identity scopes concurrent work	UI work is view/action scoped; animation delays are explicit where present	MainActor is used only for UI mutation; blocking work is offloaded or absent	CSD static inventory guard plus existing focused owner tests for this module	CSD-1,CSD-2,CSD-3,CSD-4,CSD-5,CSD-6,CSD-7,CSD-8,CSD-9
packages/ios-app/Sources/UI/Settings/Pages/ModelProviders/ProviderCredentialRow.swift	Swift	providercredentialrow_task	ios_settings_ui	main_actor_ui	owner starts Swift task from service, view model, or view action boundary	visible cancel path via deinit, stop, reset, disconnect, cleanup, cancel, or view disappearance	no producer queue; concurrency is bounded by owner task/request lifetime	owner boundary serializes mutation or view identity scopes concurrent work	UI work is view/action scoped; animation delays are explicit where present	no blocking work on scheduler path or work is asynchronous I/O	CSD static inventory guard plus existing focused owner tests for this module	CSD-1,CSD-2,CSD-3,CSD-4,CSD-5,CSD-6,CSD-7,CSD-8,CSD-9
packages/ios-app/Sources/UI/Settings/Pages/ModelProviders/ProviderServiceCard.swift	Swift	providerservicecard_task	ios_settings_ui	main_actor_ui	owner starts Swift task from service, view model, or view action boundary	owner lifetime bounds the scheduling surface; no detached orphan path	no producer queue; concurrency is bounded by owner task/request lifetime	owner boundary serializes mutation or view identity scopes concurrent work	UI work is view/action scoped; animation delays are explicit where present	no blocking work on scheduler path or work is asynchronous I/O	CSD static inventory guard plus existing focused owner tests for this module	CSD-1,CSD-2,CSD-3,CSD-4,CSD-5,CSD-6,CSD-7,CSD-8,CSD-9
packages/ios-app/Sources/UI/Settings/Pages/ProvidersSettingsPage.swift	Swift	providerssettingspage	ios_settings_ui	view_scoped_task	SwiftUI .task starts with view identity and current state	SwiftUI cancels the view-scoped task on identity change or disappearance	no producer queue; concurrency is bounded by owner task/request lifetime	owner boundary serializes mutation or view identity scopes concurrent work	UI work is view/action scoped; animation delays are explicit where present	no blocking work on scheduler path or work is asynchronous I/O	CSD static inventory guard plus existing focused owner tests for this module	CSD-1,CSD-2,CSD-3,CSD-4,CSD-5,CSD-6,CSD-7,CSD-8,CSD-9
packages/ios-app/Sources/UI/Settings/Providers/OAuth/OAuthLoginSheet.swift	Swift	oauthloginsheet_sleep_task	ios_settings_ui	timer_loop	owner starts Swift task from service, view model, or view action boundary	visible cancel path via deinit, stop, reset, disconnect, cleanup, cancel, or view disappearance	no producer queue; concurrency is bounded by owner task/request lifetime	loop sleeps/yields between attempts and observes cancellation before next cadence	deadline, retry delay, heartbeat, debounce, or batch cadence is explicit in source	no blocking work on scheduler path or work is asynchronous I/O	CSD static inventory guard plus existing focused owner tests for this module	CSD-1,CSD-2,CSD-3,CSD-4,CSD-5,CSD-6,CSD-7,CSD-8,CSD-9
packages/ios-app/Sources/UI/Settings/Providers/OAuth/OAuthLoopbackServer.swift	Swift	oauthloopbackserver_task	ios_settings_ui	main_actor_ui	owner starts Swift task from service, view model, or view action boundary	visible cancel path via deinit, stop, reset, disconnect, cleanup, cancel, or view disappearance	no producer queue; concurrency is bounded by owner task/request lifetime	owner boundary serializes mutation or view identity scopes concurrent work	UI work is view/action scoped; animation delays are explicit where present	MainActor is used only for UI mutation; blocking work is offloaded or absent	CSD static inventory guard plus existing focused owner tests for this module	CSD-1,CSD-2,CSD-3,CSD-4,CSD-5,CSD-6,CSD-7,CSD-8,CSD-9
packages/ios-app/Sources/UI/Settings/Shell/FeedbackMailView.swift	Swift	feedbackmailview_task	ios_settings_ui	main_actor_ui	owner starts Swift task from service, view model, or view action boundary	owner lifetime bounds the scheduling surface; no detached orphan path	no producer queue; concurrency is bounded by owner task/request lifetime	owner boundary serializes mutation or view identity scopes concurrent work	UI work is view/action scoped; animation delays are explicit where present	MainActor is used only for UI mutation; blocking work is offloaded or absent	CSD static inventory guard plus existing focused owner tests for this module	CSD-1,CSD-2,CSD-3,CSD-4,CSD-5,CSD-6,CSD-7,CSD-8,CSD-9
packages/ios-app/Sources/UI/Settings/Shell/SettingsView+MainSection.swift	Swift	settingsview_mainsection_task	ios_settings_ui	main_actor_ui	owner starts Swift task from service, view model, or view action boundary	visible cancel path via deinit, stop, reset, disconnect, cleanup, cancel, or view disappearance	no producer queue; concurrency is bounded by owner task/request lifetime	owner boundary serializes mutation or view identity scopes concurrent work	UI work is view/action scoped; animation delays are explicit where present	no blocking work on scheduler path or work is asynchronous I/O	CSD static inventory guard plus existing focused owner tests for this module	CSD-1,CSD-2,CSD-3,CSD-4,CSD-5,CSD-6,CSD-7,CSD-8,CSD-9
packages/ios-app/Sources/UI/Settings/Shell/SettingsView.swift	Swift	settingsview_task	ios_settings_ui	view_scoped_task	SwiftUI .task starts with view identity and current state	visible cancel path via deinit, stop, reset, disconnect, cleanup, cancel, or view disappearance	no producer queue; concurrency is bounded by owner task/request lifetime	owner boundary serializes mutation or view identity scopes concurrent work	UI work is view/action scoped; animation delays are explicit where present	MainActor is used only for UI mutation; blocking work is offloaded or absent	CSD static inventory guard plus existing focused owner tests for this module	CSD-1,CSD-2,CSD-3,CSD-4,CSD-5,CSD-6,CSD-7,CSD-8,CSD-9
packages/ios-app/Sources/UI/System/LogViewer.swift	Swift	logviewer_sleep_task	ios_system_ui	timer_loop	owner starts Swift task from service, view model, or view action boundary	visible cancel path via deinit, stop, reset, disconnect, cleanup, cancel, or view disappearance	no producer queue; concurrency is bounded by owner task/request lifetime	loop sleeps/yields between attempts and observes cancellation before next cadence	deadline, retry delay, heartbeat, debounce, or batch cadence is explicit in source	MainActor is used only for UI mutation; blocking work is offloaded or absent	CSD static inventory guard plus existing focused owner tests for this module	CSD-1,CSD-2,CSD-3,CSD-4,CSD-5,CSD-6,CSD-7,CSD-8,CSD-9
packages/ios-app/Sources/UI/Theme/TronIcons.swift	Swift	tronicons_sleep_task	ios_theme_ui	timer_loop	owner starts Swift task from service, view model, or view action boundary	visible cancel path via deinit, stop, reset, disconnect, cleanup, cancel, or view disappearance	no producer queue; concurrency is bounded by owner task/request lifetime	loop sleeps/yields between attempts and observes cancellation before next cadence	deadline, retry delay, heartbeat, debounce, or batch cadence is explicit in source	MainActor is used only for UI mutation; blocking work is offloaded or absent	CSD static inventory guard plus existing focused owner tests for this module	CSD-1,CSD-2,CSD-3,CSD-4,CSD-5,CSD-6,CSD-7,CSD-8,CSD-9
packages/ios-app/Sources/UI/Theme/TronTypography.swift	Swift	trontypography_timer	ios_theme_ui	timer_loop	owner method enters scheduling surface synchronously	visible cancel path via deinit, stop, reset, disconnect, cleanup, cancel, or view disappearance	no producer queue; concurrency is bounded by owner task/request lifetime	loop sleeps/yields between attempts and observes cancellation before next cadence	no independent timer; caller/request/shutdown lifetime is the deadline	MainActor is used only for UI mutation; blocking work is offloaded or absent	CSD static inventory guard plus existing focused owner tests for this module	CSD-1,CSD-2,CSD-3,CSD-4,CSD-5,CSD-6,CSD-7,CSD-8,CSD-9
packages/agent/tests/configuration_profile_environment_discipline_invariants.rs	Rust	cpe_static_gate_test	cpe_tests	test_fixture	static test entry point only; no production task start	test process lifetime	no producer queue; Configuration / Profile / Environment Discipline extends CSD by keeping settings writes serialized	deterministic source scans use ordered sets where order matters	no independent timer; test process is the deadline	no blocking production scheduler path	CPE invariant and CSD inventory guard	CSD-1,CSD-2,CSD-3,CSD-4,CSD-5,CSD-6,CSD-7,CSD-8,CSD-9
packages/agent/tests/release_install_upgrade_rollback_discipline_invariants.rs	Rust	riurd_static_gate_test	riurd_tests	test_fixture	static test entry point only; no production task start	test process lifetime	no producer queue; Release / Install / Upgrade / Rollback Discipline extends CSD by keeping dev/background LaunchAgent and restart ownership explicit	deterministic source scans use ordered sets where order matters	no independent timer; test process is the deadline	no blocking production scheduler path	RIURD invariant and CSD inventory guard	CSD-1,CSD-2,CSD-3,CSD-4,CSD-5,CSD-6,CSD-7,CSD-8,CSD-9
packages/agent/tests/ios_thin_client_generic_runtime_shell_invariants.rs	Rust	iostc_static_gate_test	iostc_tests	test_fixture	static test entry point only; no production task start	test process lifetime	no producer queue; iOS Thin Client / Generic Runtime Shell extends CSD by keeping reconnect, offline, streaming recovery, and simulator proof explicit	deterministic source scans use ordered sets where order matters	no independent timer; test process is the deadline	no blocking production scheduler path	IOSTC invariant and CSD inventory guard	CSD-1,CSD-2,CSD-3,CSD-4,CSD-5,CSD-6,CSD-7,CSD-8,CSD-9
packages/agent/docs/developer-experience-repo-hygiene-automation-scorecard.md	Markdown	dxrha_workflow_scorecard	dxrha_docs	test_fixture	static docs artifact only; no production task start	retained repo artifact	no producer queue; Developer Experience / Repo Hygiene / Automation extends CSD by keeping local/GitHub test scheduling explicit	deterministic scorecard rows are statically parsed	no independent timer; docs are read by tests only	no blocking production scheduler path	DXRHA invariant and CSD inventory guard	CSD-1,CSD-2,CSD-3,CSD-4,CSD-5,CSD-6,CSD-7,CSD-8,CSD-9
packages/agent/docs/developer-experience-repo-hygiene-automation-evidence-manifest.md	Markdown	dxrha_workflow_evidence	dxrha_docs	test_fixture	static docs artifact only; no production task start	retained repo artifact	no producer queue; DXRHA records closeout commands and CI target scheduling evidence	deterministic command rows are source-checked	no independent timer; docs are read by tests only	no blocking production scheduler path	DXRHA invariant and CSD inventory guard	CSD-1,CSD-2,CSD-3,CSD-4,CSD-5,CSD-6,CSD-7,CSD-8,CSD-9
packages/agent/docs/developer-experience-repo-hygiene-automation-inventory.md	Markdown	dxrha_workflow_inventory	dxrha_docs	test_fixture	static docs artifact only; no production task start	retained repo artifact	no producer queue; DXRHA records dev_server, local_ci, and github_ci workflow ownership	deterministic inventory sections are source-checked	no independent timer; docs are read by tests only	no blocking production scheduler path	DXRHA invariant and CSD inventory guard	CSD-1,CSD-2,CSD-3,CSD-4,CSD-5,CSD-6,CSD-7,CSD-8,CSD-9
packages/agent/docs/developer-experience-repo-hygiene-automation-inventory.tsv	TSV	dxrha_workflow_inventory_rows	dxrha_docs	test_fixture	static TSV artifact only; no production task start	retained repo artifact	no producer queue; DXRHA TSV records local/GitHub CI scheduling surfaces	deterministic TSV rows are source-checked	no independent timer; TSV is read by tests only	no blocking production scheduler path	DXRHA invariant and CSD inventory guard	CSD-1,CSD-2,CSD-3,CSD-4,CSD-5,CSD-6,CSD-7,CSD-8,CSD-9
packages/agent/tests/developer_experience_repo_hygiene_automation_invariants.rs	Rust	dxrha_static_gate_test	dxrha_tests	test_fixture	static test entry point only; no production task start	test process lifetime	no producer queue; Developer Experience / Repo Hygiene / Automation extends CSD by parsing local/GitHub target order deterministically	deterministic source scans use ordered sets where order matters	no independent timer; test process is the deadline	no blocking production scheduler path	DXRHA invariant and CSD inventory guard	CSD-1,CSD-2,CSD-3,CSD-4,CSD-5,CSD-6,CSD-7,CSD-8,CSD-9
packages/agent/docs/documentation-evidence-scorecard-integrity-scorecard.md	Markdown	desi_documentation_scorecard	desi_docs	test_fixture	static docs artifact only; no production task start	retained repo artifact	no producer queue; DESI extends CSD by keeping closeout target scheduling explicit	deterministic scorecard rows are statically parsed	no independent timer; docs are read by tests only	no blocking production scheduler path	DESI invariant and CSD inventory guard	CSD-1,CSD-2,CSD-3,CSD-4,CSD-5,CSD-6,CSD-7,CSD-8,CSD-9
packages/agent/docs/documentation-evidence-scorecard-integrity-evidence-manifest.md	Markdown	desi_documentation_evidence	desi_docs	test_fixture	static docs artifact only; no production task start	retained repo artifact	no producer queue; DESI records closeout commands and CI target scheduling evidence	deterministic command rows are source-checked	no independent timer; docs are read by tests only	no blocking production scheduler path	DESI invariant and CSD inventory guard	CSD-1,CSD-2,CSD-3,CSD-4,CSD-5,CSD-6,CSD-7,CSD-8,CSD-9
packages/agent/docs/documentation-evidence-scorecard-integrity-inventory.md	Markdown	desi_documentation_inventory	desi_docs	test_fixture	static docs artifact only; no production task start	retained repo artifact	no producer queue; DESI records local_ci github_ci and invariant ownership	deterministic inventory sections are source-checked	no independent timer; docs are read by tests only	no blocking production scheduler path	DESI invariant and CSD inventory guard	CSD-1,CSD-2,CSD-3,CSD-4,CSD-5,CSD-6,CSD-7,CSD-8,CSD-9
packages/agent/docs/documentation-evidence-scorecard-integrity-inventory.tsv	TSV	desi_documentation_inventory_rows	desi_docs	test_fixture	static TSV artifact only; no production task start	retained repo artifact	no producer queue; DESI TSV records local/GitHub CI scheduling surfaces	deterministic TSV rows are source-checked	no independent timer; TSV is read by tests only	no blocking production scheduler path	DESI invariant and CSD inventory guard	CSD-1,CSD-2,CSD-3,CSD-4,CSD-5,CSD-6,CSD-7,CSD-8,CSD-9
packages/agent/tests/documentation_evidence_scorecard_integrity_invariants.rs	Rust	desi_static_gate_test	desi_tests	test_fixture	static test entry point only; no production task start	test process lifetime	no producer queue; DESI parses local/GitHub target order deterministically	deterministic source scans use ordered sets where order matters	no independent timer; test process is the deadline	no blocking production scheduler path	DESI invariant and CSD inventory guard	CSD-1,CSD-2,CSD-3,CSD-4,CSD-5,CSD-6,CSD-7,CSD-8,CSD-9
packages/agent/docs/self-sufficient-agent-runtime-readiness-scorecard.md	Markdown	ssarr_readiness_scorecard	ssarr_docs	test_fixture	static scorecard only; no production task start	retained repo artifact	no producer queue; scorecard records future autonomous scheduling as unimplemented	deterministic source-backed readiness rows	no independent timer; closeout commands are evidence	no blocking production scheduler path	SSARR invariant and CSD inventory guard	CSD-1,CSD-2,CSD-3,CSD-4,CSD-5,CSD-6,CSD-7,CSD-8,CSD-9
packages/agent/docs/self-sufficient-agent-runtime-readiness-evidence-manifest.md	Markdown	ssarr_readiness_evidence	ssarr_docs	test_fixture	static evidence only; no production task start	retained repo artifact	no producer queue; evidence links CSD proof instead of adding scheduler work	deterministic command table	no independent timer; closeout commands are evidence	no blocking production scheduler path	SSARR invariant and CSD inventory guard	CSD-1,CSD-2,CSD-3,CSD-4,CSD-5,CSD-6,CSD-7,CSD-8,CSD-9
packages/agent/docs/self-sufficient-agent-runtime-readiness-inventory.md	Markdown	ssarr_readiness_inventory	ssarr_docs	test_fixture	static inventory only; no production task start	retained repo artifact	no producer queue; inventory records future autonomous scheduling as prerequisite	deterministic TSV-backed matrix	no independent timer; closeout commands are evidence	no blocking production scheduler path	SSARR invariant and CSD inventory guard	CSD-1,CSD-2,CSD-3,CSD-4,CSD-5,CSD-6,CSD-7,CSD-8,CSD-9
packages/agent/docs/self-sufficient-agent-runtime-readiness-inventory.tsv	TSV	ssarr_readiness_machine_inventory	ssarr_docs	test_fixture	static TSV only; no production task start	retained repo artifact	no producer queue; TSV classifies queue trigger external worker substrate	deterministic controlled vocabulary	no independent timer; closeout commands are evidence	no blocking production scheduler path	SSARR invariant and CSD inventory guard	CSD-1,CSD-2,CSD-3,CSD-4,CSD-5,CSD-6,CSD-7,CSD-8,CSD-9
packages/agent/tests/self_sufficient_agent_runtime_readiness_invariants.rs	Rust	ssarr_static_gate_test	ssarr_tests	test_fixture	static test entry point only; no production task start	test process lifetime	no producer queue; SSARR parses local/GitHub target order deterministically	deterministic source scans use ordered sets where order matters	no independent timer; test process is the deadline	no blocking production scheduler path	SSARR invariant and CSD inventory guard	CSD-1,CSD-2,CSD-3,CSD-4,CSD-5,CSD-6,CSD-7,CSD-8,CSD-9
packages/agent/docs/primitive-minimality-closure-scorecard.md	Markdown	pmc_minimality_scorecard	pmc_docs	test_fixture	static scorecard only; no production task start	retained repo artifact	no producer queue; scorecard records no scheduling behavior changes	deterministic source-backed minimality rows	no independent timer; closeout commands are evidence	no blocking production scheduler path	PMC invariant and CSD inventory guard	CSD-1,CSD-2,CSD-3,CSD-4,CSD-5,CSD-6,CSD-7,CSD-8,CSD-9
packages/agent/docs/primitive-minimality-closure-evidence-manifest.md	Markdown	pmc_minimality_evidence	pmc_docs	test_fixture	static evidence only; no production task start	retained repo artifact	no producer queue; evidence records command results only	deterministic command table	no independent timer; closeout commands are evidence	no blocking production scheduler path	PMC invariant and CSD inventory guard	CSD-1,CSD-2,CSD-3,CSD-4,CSD-5,CSD-6,CSD-7,CSD-8,CSD-9
packages/agent/docs/primitive-minimality-closure-inventory.md	Markdown	pmc_minimality_inventory	pmc_docs	test_fixture	static inventory only; no production task start	retained repo artifact	no producer queue; inventory records retained scheduling-independent contracts	deterministic TSV-backed matrix	no independent timer; closeout commands are evidence	no blocking production scheduler path	PMC invariant and CSD inventory guard	CSD-1,CSD-2,CSD-3,CSD-4,CSD-5,CSD-6,CSD-7,CSD-8,CSD-9
packages/agent/docs/primitive-minimality-closure-inventory.tsv	TSV	pmc_minimality_machine_inventory	pmc_docs	test_fixture	static TSV only; no production task start	retained repo artifact	no producer queue; TSV classifies static proof rows	deterministic controlled vocabulary	no independent timer; closeout commands are evidence	no blocking production scheduler path	PMC invariant and CSD inventory guard	CSD-1,CSD-2,CSD-3,CSD-4,CSD-5,CSD-6,CSD-7,CSD-8,CSD-9
packages/agent/tests/primitive_minimality_closure_invariants.rs	Rust	pmc_static_gate_test	pmc_tests	test_fixture	static test entry point only; no production task start	test process lifetime	no producer queue; PMC parses local/GitHub target order deterministically	deterministic source scans use ordered sets where order matters	no independent timer; test process is the deadline	no blocking production scheduler path	PMC invariant and CSD inventory guard	CSD-1,CSD-2,CSD-3,CSD-4,CSD-5,CSD-6,CSD-7,CSD-8,CSD-9
